{"cameraMode":{"drawMode":0,"name":"Shaded","section":"Shading Mode"},"sceneLighting":true,"audioPlay":false,"sceneViewState":{"showFog":false,"showMaterialUpdate":false,"showSkybox":false,"showFlares":false,"showImageEffects":false,"showParticleSystems":false},"in2DMode":false,"pivot":{"x":0.22971707582473756,"y":2.4343276023864748,"z":0.9288661479949951},"rotation":{"x":0.3102831244468689,"y":0.6238083243370056,"z":-0.2962704598903656,"w":0.6533125638961792},"size":9.814190864562989,"orthographic":false}